,Position,Nucleotide,binding_0.5,fimo_score_0.5,fimo_log_score_0.5,binding_0.1,fimo_score_0.1,fimo_log_score_0.1,binding_0.05,fimo_score_0.05,fimo_log_score_0.05,binding_0.01,fimo_score_0.01,fimo_log_score_0.01,binding_0.001,fimo_score_0.001,fimo_log_score_0.001,3d,normal_3d,3d_x_nucleotide,normal_3d_x_nucleotide,best_3d,3dc,normal_3dc,3dc_x_nucleotide,normal_3dc_x_nucleotide,best_3dc,local,normal_local,local_x_nucleotide,normal_local_x_nucleotide,best_local,pair,normal_pair,pair_x_nucleotide,normal_pair_x_nucleotide,best_pair,s3dc,normal_s3dc,s3dc_x_nucleotide,normal_s3dc_x_nucleotide,best_s3dc,s3dc_di,normal_s3dc_di,s3dc_di_x_nucleotide,normal_s3dc_di_x_nucleotide,best_s3dc_di,s3dc_dd,normal_s3dc_dd,s3dc_dd_x_nucleotide,normal_s3dc_dd_x_nucleotide,best_s3dc_dd
0,1,G,0.0,0.0,0.0,0.0,0.0,0.0,0.0,0.0,0.0,0.0,0.0,0.0,0.0,0.0,0.0,-845.2011361893847,-1.7053025658242404e-13,-60.243215785873986,7.130794353565791,0.0,-0.24069866666667705,0.6774498822952433,-3.440733333333333,-2.5850279017284166,0.6774498822952433,2.2797424776947626,4.440892098500626e-15,2.743066117547245,-7.732906126584126,4.440892098500626e-15,4.787413071413655,0.4933083270223637,-1.721284870779744,-36.283883439881464,0.4933083270223637,-2.013422882721038,0.5247135934603291,0.0,0.0,0.5247135934603291,8.79528600598093,0.20079931650835503,-0.05043639910415038,-0.8670167422920272,0.20079931650835503,0.23442064443744498,0.0751710890328614,0.0,0.0,0.0751710890328614
1,2,A,0.0,0.0,0.0,0.0,0.0,0.0,0.0,0.0,0.0,0.0,0.0,0.0,0.0,0.0,0.0,-845.2011361893847,-1.7053025658242404e-13,-69.19737199963845,8.190320634617624,0.0,0.2352110833333212,0.6948264525486595,-3.5073,5.407817628394604,0.7122030228020757,2.2797424776947626,4.440892098500626e-15,2.5217053919818184,-3.551190594714276,4.440892098500626e-15,5.495756901147326,0.4724137802252756,0.09718544282588576,0.5894590107608522,0.4933083270223637,-1.5057898014402142,0.4925136805520168,0.0,0.0,0.5444836782634448,13.427553616158596,0.3371596231170968,0.8738399249717315,4.4178171899287815,0.47351992972583856,-1.922630617508609,0.178015699695885,0.0,0.0,0.28086031035890857
2,3,G,0.0,0.0,0.0,0.0,0.0,0.0,0.0,0.0,0.0,0.0,0.0,0.0,0.0,0.0,0.0,-845.2011361893847,-1.7053025658242404e-13,-78.55265181204278,9.29732080112119,0.0,1.6527078333333218,0.7464741779887625,-2.0804444444444448,34.436432550000205,0.8497696288689685,2.2797424776947617,4.440892098500626e-15,2.300344666416392,0.6305249371555774,4.440892098500626e-15,3.993650551787421,0.5167434807163892,-0.9478933817515711,-116.88651546016253,0.6054028816986166,-0.445738917623987,0.4338189016881231,0.31735121887284234,-51.97672450419024,0.5444836782634448,13.866489644536328,0.34855302661130294,1.9493557225992744,16.657810237825743,0.47351992972583856,-4.257402269969222,0.28492138106304454,-0.11785113019775793,2.9058087576394316,0.4987327437973636
3,4,C,0.0,0.0,0.0,0.0,0.0,0.0,0.0,0.0,0.0,0.0,0.0,0.0,0.0,0.0,0.0,-845.2011361893847,-1.7053025658242404e-13,-84.00411229747002,9.942404300713694,0.0,1.3843797638888784,0.7357698589482808,-0.7111040000000006,26.366081396344143,0.8497696288689685,2.2797424776947626,4.440892098500626e-15,2.1896643036336783,2.7213827030905016,4.440892098500626e-15,3.7570265470835085,0.5237282346491068,-1.7068466374457458,-107.85567939071025,0.6054028816986166,0.7722289648883692,0.3749109754461762,1.2166311564911036,-75.67179249465926,0.5444836782634448,15.291243120659004,0.3902943857761371,3.05131364098545,22.20769381868793,0.5155184632706395,-5.380696389079878,0.3367927141008734,-1.4107940446336866,221.14285081132445,0.5037102944077323
4,5,A,0.0,0.0,0.0,0.0,0.0,0.0,0.0,0.0,0.0,0.0,0.0,0.0,0.0,0.0,0.0,-845.2011361893847,-1.7053025658242404e-13,-88.85206523440488,10.516104989662688,0.0,1.2551031355555464,0.7312169233363213,-0.7301733388888899,22.267743206016117,0.8497696288689685,2.2797424776947626,4.440892098500626e-15,2.0013246210972477,4.200155375122264,4.440892098500626e-15,3.8662890499321514,0.5205315577752468,-1.9868548193953397,-100.17066916075885,0.6054028816986166,-0.1808590193381061,0.4240367348517505,0.7657912498528091,-42.65564242017038,0.6205397724740478,15.195610004362326,0.38688374870272324,3.3881611685634248,22.754191935806904,0.5155184632706395,-5.292919059927479,0.33161735909930024,-1.9941832409368554,232.17380976764738,0.5037102944077323
5,6,C,0.0,0.0,0.0,0.0,0.0,0.0,0.0,0.0,0.0,0.0,0.0,0.0,0.0,0.0,0.0,-845.2011361893847,-1.7053025658242404e-13,-93.37991009415403,11.05014532104965,0.0,0.7178458574073994,0.7115474009038556,-0.27738889351851953,11.584907074690099,0.8497696288689685,2.2797424776947635,4.440892098500626e-15,1.758704182624047,5.8125791598047085,4.440892098500626e-15,4.429419611278542,0.5039354393344254,-1.3529373627763839,-65.16986224695245,0.6054028816986166,0.04226384478032233,0.4142445676615961,0.7434051778183914,-90.18733223477717,0.6205397724740478,15.079480609979004,0.383188521347834,2.9504447601464516,19.549661068417123,0.5155184632706395,-5.134067450668645,0.32372639405939374,-1.6751287403554773,63.373109488647174,0.5037102944077323
6,7,A,0.0,0.0,0.0,0.0,0.0,0.0,0.0,0.0,0.0,0.0,0.0,0.0,0.0,0.0,0.0,-845.2011361893847,-1.7053025658242404e-13,-94.55398520954449,11.187015224825725,0.0,-0.17407013650794356,0.6791414799249873,-0.4252245079365089,29.815376307303584,0.8497696288689685,2.2797424776947635,4.440892098500626e-15,1.5119207263146743,7.09756508895012,4.440892098500626e-15,4.264842340962985,0.5087979418321573,0.9344662819131331,38.11235248596981,0.6054028816986166,0.09749039212858196,0.4122221854215601,0.4815011123197712,-46.073502765271584,0.6205397724740478,14.287213900480392,0.35965132574291364,1.5133041826887212,9.939912139237054,0.5155184632706395,-4.559876119826352,0.29720599535749725,-0.6725022866792751,12.074090168320843,0.5037102944077323
7,8,G,0.0,0.0,0.0,0.0,0.0,0.0,0.0,0.0,0.0,0.0,0.0,0.0,0.0,0.0,0.0,-845.2011361893847,-1.7053025658242404e-13,-92.07146718346371,10.892987702017198,0.0,-1.049316125000007,0.6471235686467824,-0.8738597222222233,33.15893652730027,0.8497696288689685,2.2797424776947635,4.440892098500626e-15,1.1181055423144817,8.136742323352374,4.440892098500626e-15,3.8489839785368543,0.521076880081502,0.6866396842532814,174.63274455952768,0.6140865111976338,0.5647643439966609,0.3895111500695143,2.5329711963929802e-05,20.770104964512583,0.6205397724740478,14.662815236366372,0.37114781546928444,0.6753404387283295,4.789724976456693,0.5155184632706395,-4.232809759572003,0.28189736471025106,0.039267092023611415,-44.28146781535884,0.5037102944077323
8,9,A,0.0,0.0,0.0,0.0,0.0,0.0,0.0,0.0,0.0,0.0,0.0,0.0,0.0,0.0,0.0,-845.2011361893847,-1.7053025658242404e-13,-87.77214535571656,10.384584208959435,0.0,-2.4001389617284015,0.5972051435694206,-0.73478888888889,32.67434467384549,0.8497696288689685,2.2797424776947635,4.440892098500626e-15,0.7412932238508381,9.225475723987866,4.440892098500626e-15,3.5664993452322653,0.5294060088352415,0.8817549901648665,68.33430280009313,0.6140865111976338,0.8271600191398325,0.3773705208658158,2.251529952350547e-05,6.65732079768588,0.6205397724740478,15.068035737459933,0.3835507194072324,0.694611005932448,4.322575797452481,0.5264967117988595,-4.173278420080443,0.27912070647724085,0.0349040817987657,-39.36130472476341,0.5037102944077323
9,10,G,0.0,0.0,0.0,0.0,0.0,0.0,0.0,0.0,0.0,0.0,0.0,0.0,0.0,0.0,0.0,-845.2011361893847,-1.7053025658242404e-13,-82.72973362500053,9.788148150107844,0.0,-3.0052391811111177,0.5745471807162424,-0.38764084722222314,29.042339735264246,0.8497696288689685,2.2797424776947635,4.440892098500626e-15,0.5294173922613538,9.31119058273283,4.440892098500626e-15,3.3345447357091933,0.5362436470559093,0.21146886733657358,22.814640147888312,0.6140865111976338,0.8965094218948924,0.37415722726068257,-0.16807554511728803,12.645637431021271,0.6205397724740478,14.817825786702057,0.37589418037660294,1.8009312188882345,11.425751406690821,0.5264967117988595,-4.123118043216325,0.2775282041568019,-0.5417948262963544,-16.149605514972745,0.5037102944077323
10,11,T,0.0,0.0,0.0,0.0,0.0,0.0,0.0,0.0,0.0,0.0,0.0,0.0,0.0,0.0,0.0,-845.2011361893847,-1.7053025658242404e-13,-78.11756376337618,9.242569502975364,0.0,-3.2953437292929344,0.56378206870063,0.11953430050504993,-2.7200146739169977,0.8497696288689685,2.2797424776947643,4.440892098500626e-15,0.3817189392591003,8.647848475780124,4.440892098500626e-15,3.3042493454272286,0.5371523223086538,-0.7322553809070751,40.82945399979217,0.6140865111976338,0.9606015174658744,0.3701806351397863,-0.5311670826411072,86.43972804338694,0.6205397724740478,14.8360690283897,0.37594841665804707,2.273586575748602,14.854204747172847,0.5264967117988595,-4.035862791243983,0.2740203113195676,-0.29370339964556064,-45.57477742509323,0.5037102944077323
11,12,G,0.0,0.0,0.0,0.0,0.0,0.0,0.0,0.0,0.0,0.0,0.0,0.0,0.0,0.0,0.0,-845.2011361893847,-1.7053025658242404e-13,-74.27935723062538,8.788544151736392,0.0,-3.0819480481481545,0.5718413337147259,0.11732866435185124,-10.45633480788683,0.8497696288689685,2.2797424776947643,4.440892098500626e-15,0.2586368950905556,8.095063386652871,4.440892098500626e-15,3.7043952381574567,0.5253426278324977,0.11788814559554248,14.77198655336885,0.6140865111976338,0.8832719392093488,0.37361612825583856,-0.27003843609422157,69.67471225886388,0.6205397724740478,14.646932045653589,0.36989013897743644,1.7944480124017477,12.511095693649796,0.5264967117988595,-4.1589610178911025,0.2798134166518992,0.1624697728111309,-55.048169910666914,0.5037102944077323
12,13,C,0.0,0.0,0.0,0.0,0.0,0.0,0.0,0.0,0.0,0.0,0.0,0.0,0.0,0.0,0.0,-845.2011361893847,-1.7053025658242404e-13,-74.27935723062538,8.788544151736392,0.0,-3.0983009370370453,0.5712432280701973,0.1929064421296291,-13.199003458645635,0.8497696288689685,2.2797424776947643,4.440892098500626e-15,0.2586368950905556,8.095063386652871,4.440892098500626e-15,4.041007363729532,0.5154043271940089,0.1398354924299065,-2.242430589350878,0.6140865111976338,1.231200942541641,0.35635076252438913,0.39405644146228613,41.68859524681628,0.6205397724740478,15.215495696680334,0.38636251994422377,1.5033186028967782,10.90791804924218,0.5264967117988595,-4.670629101375928,0.30359575245576703,-0.4408018989951228,6.5063808940308085,0.5037102944077323
13,14,A,0.0,0.0,0.0,0.0,0.0,0.0,0.0,0.0,0.0,0.0,0.0,0.0,0.0,0.0,0.0,-845.2011361893847,-1.7053025658242404e-13,-74.27935723062538,8.788544151736392,0.0,-2.723289599074083,0.5851897119258508,0.11732866435185124,-111.90483196220485,0.8940577847372981,2.2797424776947643,4.440892098500626e-15,0.2586368950905556,8.095063386652871,4.440892098500626e-15,4.229413068510031,0.5098282298870564,-0.5958760685891755,68.36806745798687,0.6140865111976338,1.5007871472153564,0.3429838111905836,0.32946414320513995,38.70409189257077,0.6205397724740478,14.47493359563783,0.36441644667635487,1.8898639685407417,14.05281468172911,0.5264967117988595,-4.728490276822273,0.3055432464344449,-1.0207511459295695,29.269517627572313,0.5037102944077323
14,15,C,0.0,0.0,0.0,0.0,0.0,0.0,0.0,0.0,0.0,0.0,0.0,0.0,0.0,0.0,0.0,-845.2011361893847,-1.7053025658242404e-13,-74.27935723062538,8.788544151736392,0.0,-2.996478043518527,0.5753577834703849,-0.5903260837962974,-50.11787531575881,0.8940577847372981,2.2797424776947643,4.440892098500626e-15,0.2586368950905556,8.095063386652871,4.440892098500626e-15,4.799361411908432,0.49300295626568025,0.5459044803140696,46.35389094587408,0.6140865111976338,1.4500944097343547,0.3464131125123522,0.09774312075897995,17.225077579172492,0.6205397724740478,14.422160329870312,0.3624341048514054,1.2980374840532658,9.462346715103523,0.5264967117988595,-4.22611205452545,0.2821926822150258,-0.5866039333884958,18.936757164884185,0.5037102944077323
15,16,T,0.0,0.0,0.0,0.0,0.0,0.0,0.0,0.0,0.0,0.0,0.0,0.0,0.0,0.0,0.0,-845.2011361893847,-1.7053025658242404e-13,-74.27935723062538,8.788544151736392,0.0,-2.9206884879629724,0.5786103485021836,-1.2249834518518534,-5.454230273583376,0.8940577847372981,2.2797424776947643,4.440892098500626e-15,0.2586368950905556,8.095063386652871,4.440892098500626e-15,4.916538696190665,0.4895572199388196,0.7765737979376138,-33.5970614046083,0.6140865111976338,0.9647858932435361,0.37133937609004086,0.6226377722113814,36.45289969037117,0.6205397724740478,13.939189500529523,0.3478513923030597,0.7145880978958148,5.910447404157521,0.5264967117988595,-3.834885140673471,0.2632439829595752,-0.1391932999542246,3.3986711458139816,0.5037102944077323
16,17,C,0.0,0.0,0.0,0.0,0.0,0.0,0.0,0.0,0.0,0.0,0.0,0.0,0.0,0.0,0.0,-845.2011361893847,-1.7053025658242404e-13,-74.27935723062538,8.788544151736392,0.0,-2.985332650925935,0.5763904789290785,-0.4417509259259268,28.582420457140913,0.8940577847372981,2.2797424776947643,4.440892098500626e-15,0.2586368950905556,8.095063386652871,4.440892098500626e-15,5.098803934275053,0.48418131894619465,-0.19742408890348218,-55.70738475628995,0.6140865111976338,1.280426988611003,0.3556173141738155,0.9010050736381534,35.918344694976014,0.6205397724740478,14.099032793116525,0.3525314886376908,1.4137128590869628,10.448199066310398,0.5264967117988595,-4.040282635128471,0.2732031143399288,-0.5799951989493474,18.07862862232775,0.5037102944077323
17,18,A,0.0,0.0,0.0,0.0,0.0,0.0,0.0,0.0,0.0,0.0,0.0,0.0,0.0,0.0,0.0,-845.2011361893847,-1.7053025658242404e-13,-74.27935723062538,8.788544151736392,0.0,-3.2201380925926015,0.5680244660630024,-0.2218400740740746,60.378301792052994,0.8940577847372981,2.2797424776947643,4.440892098500626e-15,0.2586368950905556,8.095063386652871,4.440892098500626e-15,4.588471024053804,0.49924062888457643,0.8092209326350956,-13.2380464197617,0.6143167642563938,1.2803309007318562,0.3549074217670251,0.2726799375199613,13.061786469118074,0.6205397724740478,13.679409945541158,0.3401500586186486,0.7466406652520705,5.2093468510383065,0.5264967117988595,-3.8928156244532577,0.2670014031965491,-0.35062633389624376,12.181584011991225,0.5037102944077323
18,19,A,0.0,0.0,0.0,0.0,0.0,0.0,0.0,0.0,0.0,0.0,0.0,0.0,0.0,0.0,0.0,-845.2011361893847,-1.7053025658242404e-13,-74.27935723062538,8.788544151736392,0.0,-2.89292349537038,0.5795976423918417,-0.7223879629629637,64.73077372525033,0.8940577847372981,2.2797424776947643,4.440892098500626e-15,0.2586368950905556,8.095063386652871,4.440892098500626e-15,4.165540547728446,0.511725990190518,1.8724253609432313,-58.36678494784826,0.6877972924898482,1.3466392958322082,0.35238714331716164,0.10464057137030253,6.175186101325269,0.6205397724740478,14.962604697041279,0.3780967063767106,0.522966326881388,3.303778039883874,0.6737879252101362,-4.130231716394129,0.2776767710997933,0.04166666666666671,-1.8358196891587626,0.5037102944077323
19,20,G,0.0,0.0,0.0,0.0,0.0,0.0,0.0,0.0,0.0,0.0,0.0,0.0,0.0,0.0,0.0,-845.2011361893847,-1.7053025658242404e-13,-74.27935723062538,8.788544151736392,0.0,-2.315773702777787,0.6003457171920843,-0.7223879629629637,90.44989144080562,0.8940577847372981,2.2797424776947643,4.440892098500626e-15,0.2586368950905556,8.095063386652871,4.440892098500626e-15,3.9111259303571666,0.5192274139127474,1.9232639155242715,-4.969523187910308,0.7004979119371139,0.7024271006942281,0.3849717691807222,0.0942254800475325,16.959326019742118,0.6431832210787094,14.742823957075696,0.3712640105156321,0.766750642264844,4.613399924403253,0.6737879252101362,-4.1144345483353675,0.2769736623193315,-0.29718961633686214,7.607332984508265,0.5037102944077323
20,21,G,0.0,0.0,0.0,0.0,0.0,0.0,0.0,0.0,0.0,0.0,0.0,0.0,0.0,0.0,0.0,-845.2011361893847,-1.7053025658242404e-13,-74.27935723062538,8.788544151736392,0.0,-1.2486551842592686,0.6397707187749668,-0.3832192245370378,50.07572262758676,0.8940577847372981,2.2797424776947643,4.440892098500626e-15,0.2586368950905556,8.095063386652871,4.440892098500626e-15,3.60010198510816,0.5284013185401941,0.5547273263606758,64.47446824342907,0.7114140361194496,0.32322405562660983,0.40340636711396105,-0.15083472194393038,-39.903526482966214,0.6431832210787094,14.367390056891232,0.3595487555880821,1.5662658797712112,9.973376673964792,0.6737879252101362,-3.9040035825448234,0.267430508536685,-0.7173349882909202,28.307505790829396,0.5037102944077323
21,22,T,0.0,0.0,0.0,0.0,0.0,0.0,0.0,0.0,0.0,0.0,0.0,0.0,0.0,0.0,0.0,-845.2011361893847,-1.7053025658242404e-13,-74.27935723062538,8.788544151736392,0.0,-0.9869132583333431,0.6496983374375005,0.1929064421296291,-0.8826272651149303,0.8940577847372981,2.2797424776947643,4.440892098500626e-15,0.2586368950905556,8.095063386652871,4.440892098500626e-15,3.6471992593817704,0.5270256487102748,-0.5434503630468235,20.987009425765265,0.7114140361194496,0.09644147696628505,0.41378325422975526,-0.5757941182966094,-57.638542717653465,0.6431832210787094,13.95704639605126,0.34749338372065924,1.995254782335783,13.698682937238754,0.6737879252101362,-4.039518421410413,0.2731418875844281,-0.20652748308928934,11.30360363207255,0.5037102944077323
22,23,G,0.0,0.0,0.0,0.0,0.0,0.0,0.0,0.0,0.0,0.0,0.0,0.0,0.0,0.0,0.0,-845.2011361893847,-1.7053025658242404e-13,-74.27935723062538,8.788544151736392,0.0,-1.5711076287037127,0.628175570304669,-0.2218400740740746,-41.96429226773523,0.8940577847372981,2.2797424776947643,4.440892098500626e-15,0.2586368950905556,8.095063386652871,4.440892098500626e-15,3.865946394846359,0.5205479601110693,-0.16452173807995998,-20.32708493277041,0.7114140361194496,-0.14256016704621585,0.4259533757652728,-0.5320211855412208,-17.531758997404264,0.6431832210787094,13.861801369795494,0.3450350233192885,1.142128185003287,7.566408112370518,0.6737879252101362,-4.313049656906882,0.2855286600266761,0.1886478341602052,-7.411475219584824,0.5037102944077323
23,24,A,0.0,0.0,0.0,0.0,0.0,0.0,0.0,0.0,0.0,0.0,0.0,0.0,0.0,0.0,0.0,-845.2011361893847,-1.7053025658242404e-13,-74.27935723062538,8.788544151736392,0.0,-2.2141530953703787,0.6040199258186572,-0.3832192245370378,6.036187580444015,0.8940577847372981,2.2797424776947643,4.440892098500626e-15,0.2586368950905556,8.095063386652871,4.440892098500626e-15,3.748440956578661,0.5240045444195027,-0.6079262104098941,51.05469259152508,0.7114140361194496,-0.03229146180322218,0.420889319213533,-0.14297645699250383,-4.0055182587177605,0.6431832210787094,13.93764905547885,0.34737288807370803,1.5320336097009923,11.805062290155206,0.6737879252101362,-3.987544315948621,0.26999916091797865,-0.6022800840175848,21.736693698176417,0.5037102944077323
24,25,C,0.0,0.0,0.0,0.0,0.0,0.0,0.0,0.0,0.0,0.0,0.0,0.0,0.0,0.0,0.0,-845.2011361893847,-1.7053025658242404e-13,-74.27935723062538,8.788544151736392,0.0,-2.8515151592592662,0.5803733116966181,0.1929064421296291,36.515069216302756,0.8940577847372981,2.2797424776947643,4.440892098500626e-15,0.2586368950905556,8.095063386652871,4.440892098500626e-15,3.747047599632296,0.5240582506817437,-0.5434503630468235,48.938425775217254,0.7114140361194496,-0.00025567054377251264,0.41905897546482695,0.3820870446756652,10.435618915034757,0.6431832210787094,13.56639118132951,0.33597297638227674,1.9330329544716176,15.040317069450067,0.6737879252101362,-3.6753080402298828,0.25562216000297566,-1.0274058323836186,49.12409724994184,0.5037102944077323
25,26,A,0.0,0.0,0.0,0.0,0.0,0.0,0.0,0.0,0.0,0.0,0.0,0.0,0.0,0.0,0.0,-845.2011361893847,-1.7053025658242404e-13,-74.27935723062538,8.788544151736392,0.0,-3.352558418518525,0.5619129220619556,0.11732866435185124,-10.773316263806864,0.8940577847372981,2.2797424776947643,4.440892098500626e-15,0.2586368950905556,8.095063386652871,4.440892098500626e-15,4.353515615663748,0.5061738615019927,-0.36388367353088713,30.233901863515083,0.7114140361194496,-0.2555481403907948,0.43247324833984313,0.22445750750142934,-5.299133072800837,0.6431832210787094,13.635696787984468,0.3374256785099614,0.25533010241937953,1.4764592545101074,0.6737879252101362,-3.205246905476764,0.233690877932326,-0.3922930005629105,27.946652644166655,0.5037102944077323
26,27,T,0.0,0.0,0.0,0.0,0.0,0.0,0.0,0.0,0.0,0.0,0.0,0.0,0.0,0.0,0.0,-845.2011361893847,-1.7053025658242404e-13,-74.27935723062538,8.788544151736392,0.0,-3.4649413814814887,0.5577943135499366,0.1929064421296291,-1.7689597489213233,0.8940577847372981,2.2797424776947643,4.440892098500626e-15,0.2586368950905556,8.095063386652871,4.440892098500626e-15,5.023692370352704,0.4863868640025081,-0.6190736069374081,-7.4475719508258145,0.7114140361194496,-0.2425264378662844,0.43136911768619013,-0.2917618623270481,20.077562927475284,0.6431832210787094,13.261672636755783,0.3262308152907718,0.6717039602552874,5.947386532631095,0.6737879252101362,-3.171006358275082,0.23246527789533084,0.1330069902616914,-9.542242697107946,0.5037102944077323
27,28,G,0.0,0.0,0.0,0.0,0.0,0.0,0.0,0.0,0.0,0.0,0.0,0.0,0.0,0.0,0.0,-845.2011361893847,-1.7053025658242404e-13,-74.27935723062538,8.788544151736392,0.0,-3.110298048148157,0.5709500271830317,0.11732866435185124,-5.2656464551654825,0.9173764315478463,2.2797424776947643,4.440892098500626e-15,0.2586368950905556,8.095063386652871,4.440892098500626e-15,5.895101963634702,0.46063851142625223,0.11788814559554248,-77.53330509512854,0.7114140361194496,-0.10107884039585463,0.42451867442451974,-0.27003843609422157,-10.274503870581956,0.6431832210787094,12.69982792654498,0.30950715148977503,1.7944480124017477,16.458259316988055,0.6737879252101362,-2.736203129797426,0.2126448575935771,0.1624697728111309,-15.993060667690182,0.5037102944077323
28,29,C,0.0,0.0,0.0,0.0,0.0,0.0,0.0,0.0,0.0,0.0,0.0,0.0,0.0,0.0,0.0,-845.2011361893847,-1.7053025658242404e-13,-74.27935723062538,8.788544151736392,0.0,-2.7532276777777875,0.5841391849685472,-0.5903260837962974,13.050519347497056,0.9173764315478463,2.2797424776947643,4.440892098500626e-15,0.2586368950905556,8.095063386652871,4.440892098500626e-15,6.5592775617629435,0.44102115058375474,1.2291903357907994,-70.73638452007408,0.7114140361194496,0.14471697692573066,0.4121655996881616,0.10971251754560084,-47.05074264339085,0.6431832210787094,12.028900576754776,0.28969931581101427,0.8683231324784264,9.490564755078871,0.6737879252101362,-2.6055601861215076,0.20699950625111704,0.0,-6.024901016418499,0.5037102944077323
29,30,T,0.0,0.0,0.0,0.0,0.0,0.0,0.0,0.0,0.0,0.0,0.0,0.0,0.0,0.0,0.0,-845.2011361893847,-1.7053025658242404e-13,-74.27935723062538,8.788544151736392,0.0,-2.2674970064814906,0.6020183481267074,-1.2249834518518534,34.15096702206067,0.9173764315478463,2.2797424776947643,4.440892098500626e-15,0.2586368950905556,8.095063386652871,4.440892098500626e-15,7.037172622017071,0.4269190746413314,1.7503164686526693,11.491860922454006,0.7114140361194496,0.40974521584032875,0.39925787671535895,0.19613753891349833,-50.67865358874039,0.6431832210787094,12.009847535754353,0.28941656663471554,0.29977747819567335,5.057183426860167,0.6737879252101362,-2.9723528758299835,0.22394691528857905,-0.06249999999999998,2.442897945035571,0.5037102944077323
30,31,T,0.0,0.0,0.0,0.0,0.0,0.0,0.0,0.0,0.0,0.0,0.0,0.0,0.0,0.0,0.0,-845.2011361893847,-1.7053025658242404e-13,-74.27935723062538,8.788544151736392,0.0,-2.3863363546296394,0.5979625608451752,-0.4417509259259268,18.7020320695867,0.9173764315478463,2.2797424776947643,4.440892098500626e-15,0.2586368950905556,8.095063386652871,4.440892098500626e-15,7.498744812589786,0.4133010176123739,0.7830705175823383,-2.73380395994836,0.7114140361194496,0.6023767351401804,0.3896911937682798,-0.13748631360902183,27.53255242202861,0.6431832210787094,11.73019980801454,0.2810531692788758,1.330892758625354,14.72830571682079,0.6737879252101362,-3.4368737850182294,0.24620884694762374,0.07050699026169142,-2.3676054781264604,0.5403443090443083
31,32,G,0.0,0.0,0.0,0.0,0.0,0.0,0.0,0.0,0.0,0.0,0.0,0.0,0.0,0.0,0.0,-845.2011361893847,-1.7053025658242404e-13,-74.27935723062538,8.788544151736392,0.0,-2.8020648287037124,0.5831869097358412,-0.2218400740740746,34.446642342584134,0.9173764315478463,2.2797424776947643,4.440892098500626e-15,0.2586368950905556,8.095063386652871,4.440892098500626e-15,7.875956568076715,0.4021754286314395,0.982168379506698,11.517853531031628,0.7114140361194496,0.6719401633192661,0.3867074890931467,-0.30008162474858846,78.0416731733434,0.64683091913933,12.1020766052476,0.2918787585430996,1.4322522320580182,12.509834709855049,0.6737879252101362,-3.8318092699673283,0.26494832496681475,-0.13471984352573124,-3.070243198595824,0.5403443090443083
32,33,G,0.0,0.0,0.0,0.0,0.0,0.0,0.0,0.0,0.0,0.0,0.0,0.0,0.0,0.0,0.0,-845.2011361893847,-1.7053025658242404e-13,-74.27935723062538,8.788544151736392,0.0,-3.1747258064814905,0.5695356218716523,-0.7223879629629637,16.870225360509536,0.9173764315478463,2.2797424776947643,4.440892098500626e-15,0.2586368950905556,8.095063386652871,4.440892098500626e-15,7.979919234370244,0.39912344061254934,2.1327717744565495,288.07966284289245,0.7114140361194496,0.5393183864157369,0.39414859336562214,0.12789919197247268,19.308986802773553,0.64683091913933,12.747411880084181,0.31091606442029085,0.876673629012744,3.0843319680167824,0.6737879252101362,-4.0684505270372435,0.27579447959148995,-0.5943792326737243,8.521959304608234,0.5403443090443083
33,34,G,0.0,0.0,0.0,0.0,0.0,0.0,0.0,0.0,0.0,0.0,0.0,0.0,0.0,0.0,0.0,-845.2011361893847,-1.7053025658242404e-13,-74.27935723062538,8.788544151736392,0.0,-2.9116997472222312,0.5790215887635827,-0.7223879629629637,32.456308857582556,0.9173764315478463,2.2797424776947643,4.440892098500626e-15,0.2586368950905556,8.095063386652871,4.440892098500626e-15,7.550165524199656,0.4118010307048213,2.1327717744565495,201.69836115844564,0.7334054341901545,0.43857306900488735,0.39926468801320647,0.12789919197247268,18.09268144487558,0.64683091913933,13.229657383016136,0.3251508840533674,0.876673629012744,1.7942833564944263,0.6737879252101362,-4.127519589218248,0.2788403311255254,-0.5943792326737243,9.041619213946664,0.5403443090443083
34,35,G,0.0,0.0,0.0,0.0,0.0,0.0,0.0,0.0,0.0,0.0,0.0,0.0,0.0,0.0,0.0,-845.2011361893847,-1.7053025658242404e-13,-74.27935723062538,8.788544151736392,0.0,-2.0315385027777872,0.6112046159103598,-0.7223879629629637,-11.394877121365413,0.9173764315478463,2.2797424776947643,4.440892098500626e-15,0.2586368950905556,8.095063386652871,4.440892098500626e-15,6.900214348747238,0.43099807442456184,0.9860816568698916,144.21169199104546,0.7334054341901545,0.43780730867407514,0.39996557576973857,-0.10404036882015974,57.442511006842075,0.64683091913933,13.825969013844794,0.3429250127230124,0.5865495819580132,2.2017465201701687,0.6737879252101362,-4.201730237174967,0.282083922724093,-0.27101155498778784,15.886663964829273,0.5403443090443083
35,36,A,0.0,0.0,0.0,0.0,0.0,0.0,0.0,0.0,0.0,0.0,0.0,0.0,0.0,0.0,0.0,-845.2011361893847,-1.7053025658242404e-13,-74.27935723062538,8.788544151736392,0.0,-0.9895719990740846,0.6495371315534473,-0.3832192245370378,-21.60488216011796,0.9368001837940685,2.2797424776947643,4.440892098500626e-15,0.2586368950905556,8.095063386652871,4.440892098500626e-15,6.381105591974304,0.44632146764713426,-0.6079262104098941,183.03575968535688,0.7334054341901545,0.42562158329840943,0.3999370106991821,-0.14297645699250383,51.24317301193318,0.64683091913933,14.175445740282477,0.3533791487921499,1.5320336097009923,10.707993027852096,0.6737879252101362,-4.97010797299216,0.3177798473945557,-0.6022800840175848,7.470143416225666,0.5943169279286217
36,37,C,0.0,0.0,0.0,0.0,0.0,0.0,0.0,0.0,0.0,0.0,0.0,0.0,0.0,0.0,0.0,-845.2011361893847,-1.7053025658242404e-13,-74.27935723062538,8.788544151736392,0.0,-0.556046532407418,0.6652859027848298,0.1929064421296291,-2.97522938105881,0.9368001837940685,2.2797424776947643,4.440892098500626e-15,0.2586368950905556,8.095063386652871,4.440892098500626e-15,5.64264779080686,0.4681069127398206,-0.5434503630468235,-75.2878708834609,0.7334054341901545,0.34278802539472975,0.40395976952710816,0.3820870446756652,21.95181410776145,0.64683091913933,15.084154757141071,0.38021219049985955,1.9330329544716176,11.322134598705144,0.6737879252101362,-5.5535317997308375,0.3447713459151486,-1.0274058323836186,1.6910739561815005,0.5943169279286217
37,38,A,0.0,0.0,0.0,0.0,0.0,0.0,0.0,0.0,0.0,0.0,0.0,0.0,0.0,0.0,0.0,-845.2011361893847,-1.7053025658242404e-13,-74.27935723062538,8.788544151736392,0.0,-0.33681038425927,0.6729322626120835,0.11732866435185124,7.4215077850788855,0.9368001837940685,2.2797424776947643,4.440892098500626e-15,0.2586368950905556,8.095063386652871,4.440892098500626e-15,3.997723753670298,0.5166626834737233,-0.5958760685891755,-198.4728511552575,0.7526626443945788,0.28694537410553317,0.4061629326484425,0.32946414320513995,7.5141890920496515,0.64683091913933,15.813770209319504,0.4013639870313487,1.8898639685407417,9.39044528252435,0.6737879252101362,-6.551289943530626,0.39148288461750536,-1.0207511459295695,12.4059327979035,0.6057700568844963
38,39,C,0.0,0.0,0.0,0.0,0.0,0.0,0.0,0.0,0.0,0.0,0.0,0.0,0.0,0.0,0.0,-845.2011361893847,-1.7053025658242404e-13,-74.27935723062538,8.788544151736392,0.0,-0.12339556944445418,0.680477995709709,0.1929064421296291,0.7910804567403575,0.9368001837940685,2.2797424776947643,4.440892098500626e-15,0.2586368950905556,8.095063386652871,4.440892098500626e-15,3.014486720583905,0.5456927900426928,-0.5434503630468235,75.65081171036039,0.7526626443945788,0.11128037030511251,0.4156025009108327,0.3820870446756652,-21.34115780951034,0.64683091913933,16.699496748135232,0.4277158504245719,1.9330329544716176,9.501778678501763,0.6737879252101362,-7.0473377187094215,0.41447782380198794,-1.0274058323836186,11.656973471466753,0.6057700568844963
39,40,A,0.0,0.0,0.0,0.0,0.0,0.0,0.0,0.0,0.0,0.0,0.0,0.0,0.0,0.0,0.0,-845.2011361893847,-1.7053025658242404e-13,-74.27935723062538,8.788544151736392,0.0,-0.5719032037037115,0.6640402318424053,0.11732866435185124,-2.3623764137194687,0.9368001837940685,2.2797424776947643,4.440892098500626e-15,0.2586368950905556,8.095063386652871,4.440892098500626e-15,2.4032650268097604,0.5637298560735038,-0.5958760685891755,219.1909303513293,0.7526626443945788,0.28270989628466314,0.4059754514644849,0.32946414320513995,-22.02233153754151,0.64683091913933,16.834453229602317,0.4311309211439296,1.8898639685407417,10.077044529748559,0.6737879252101362,-7.3803408991274955,0.4301895535756567,-1.0207511459295695,14.477420745028713,0.6057700568844963
40,41,C,0.0,0.0,0.0,0.0,0.0,0.0,0.0,0.0,0.0,0.0,0.0,0.0,0.0,0.0,0.0,-845.2011361893847,-1.7053025658242404e-13,-75.55537008923915,8.939248678842809,0.0,-1.0099954141414216,0.6476223766064961,0.3536191489898984,15.246548824327428,0.9368001837940685,2.2797424776947643,4.440892098500626e-15,0.032779693049038494,9.533969706038054,4.440892098500626e-15,1.3071410205308047,0.5960847786021551,-0.3983183343808285,42.94687518187419,0.7526626443945788,0.05895334176284939,0.41709702590279746,0.1948257070409555,-22.876539649623417,0.64683091913933,17.57576090022642,0.45289661140433124,1.8710879615035356,12.020413241282348,0.6737879252101362,-7.520475130623916,0.4363266675781954,-1.014968766020939,18.47198300277442,0.6057700568844963
41,42,A,0.0,0.0,0.0,0.0,0.0,0.0,0.0,0.0,0.0,0.0,0.0,0.0,0.0,0.0,0.0,-845.2011361893847,-1.7053025658242404e-13,-75.29575427682278,8.908188855160144,0.0,-1.2152611777777862,0.639648855042492,0.3419619111111104,13.278286455779988,0.9368001837940685,2.2797424776947635,4.440892098500626e-15,-0.19397680428769687,10.4243141829263,4.440892098500626e-15,0.7522733007433825,0.6124490909541886,1.0862708773482295,-295.20905751683034,0.7526626443945788,-0.36885772184065385,0.4386194937775064,0.21495269069096629,-10.285574668059379,0.64683091913933,18.409864692733763,0.4769120491218345,0.7708606624264502,6.694873989578207,0.6737879252101362,-7.575350888408947,0.43863733997713006,-0.41254092255683783,9.78836441650668,0.6057700568844963
42,43,G,0.0,0.0,0.0,0.0,0.0,0.0,0.0,0.0,0.0,0.0,0.0,0.0,0.0,0.0,0.0,-845.2011361893847,-1.7053025658242404e-13,-72.85492570348626,8.618951935274794,0.0,-1.0141720740740827,0.6468415475339399,0.18252251543209785,25.44039481036076,0.9368001837940685,2.2797424776947635,4.440892098500626e-15,-0.4219323620180563,10.583242869818635,4.440892098500626e-15,0.4201837463773226,0.6222344779332809,1.075320401920865,-458.42875303188254,0.7526626443945788,-0.8027450963807914,0.45901673139522564,-0.4350922687769441,21.5021076865683,0.64683091913933,18.058052110969474,0.4661881482531429,0.8001762236313595,5.181344259647444,0.6737879252101362,-7.357281859529718,0.42811580020863516,-0.17568210912109075,0.5547743679217362,0.6057700568844963
43,44,T,0.0,0.0,0.0,0.0,0.0,0.0,0.0,0.0,0.0,0.0,0.0,0.0,0.0,0.0,0.0,-845.2011361893847,-1.7053025658242404e-13,-69.41697969720309,8.211614077247742,0.0,-0.4860708055555656,0.665863331726901,0.644911663194444,19.479677919778922,0.9368001837940685,2.2797424776947635,4.440892098500626e-15,-0.7068768091810056,10.781903728434056,4.440892098500626e-15,0.17126407730676846,0.6295713545846343,0.3252187476289399,-663.6553920069491,0.7526626443945788,-0.5205753338742003,0.4431757032113387,-1.067056128800469,61.617644366582184,0.64683091913933,17.925661465493416,0.46201942123583295,1.1941366019450166,7.340182410653643,0.6737879252101362,-7.465316461911481,0.4327336026041796,0.013067131026705703,-2.9401162923974304,0.6057700568844963
44,45,G,0.0,0.0,0.0,0.0,0.0,0.0,0.0,0.0,0.0,0.0,0.0,0.0,0.0,0.0,0.0,-845.2011361893847,-1.7053025658242404e-13,-63.870280085068615,7.554572124646182,0.0,0.14066638888887795,0.6885377637486223,0.5769653333333328,2.302897250028037,0.9368001837940685,2.2797424776947635,4.440892098500626e-15,-0.9861400520570813,10.877140537746163,4.440892098500626e-15,0.3640322410177617,0.6238669712156054,1.6728025958171742,90.51568726543621,0.7526626443945788,-0.13557574680357745,0.42209310171227277,-0.5662543390491526,37.01920282597665,0.64683091913933,17.408096497416217,0.44650240108287886,0.5230382574360612,2.042747944231289,0.6737879252101362,-7.958711499398774,0.45561791001656193,0.23757508876884123,-3.473759699354254,0.6057700568844963
45,46,G,0.0,0.0,0.0,0.0,0.0,0.0,0.0,0.0,0.0,0.0,0.0,0.0,0.0,0.0,0.0,-845.2011361893847,-1.7053025658242404e-13,-55.17880436709675,6.526942982423135,0.0,0.5230983425925819,0.7026959674248583,0.23525925925925825,2.844530545341301,0.9368001837940685,2.2797424776947635,4.440892098500626e-15,-1.2414303924429353,10.377547613501033,4.440892098500626e-15,0.9821916113144187,0.6056105607198472,2.6445073769325447,153.7273441771423,0.7526626443945788,0.24344174642310365,0.40391639100181376,0.0,0.0,0.64683091913933,18.07131952448809,0.4653963508818949,-0.3965206755244718,-4.491094958329963,0.6737879252101362,-8.284049838632173,0.4701738199769566,0.0,0.0,0.6057700568844963
46,47,G,0.0,0.0,0.0,0.0,0.0,0.0,0.0,0.0,0.0,0.0,0.0,0.0,0.0,0.0,0.0,-845.2011361893847,-1.7053025658242404e-13,-45.89487806013868,5.430684649411326,0.0,1.1566753555555453,0.7264243471674596,-0.0866222222222228,8.122197051094851,0.9368001837940685,2.2797424776947626,4.440892098500626e-15,-1.4959604686232102,9.491561003436722,4.440892098500626e-15,1.6132605410265768,0.5869584056073135,1.6592687877479069,195.25257315512755,0.7526626443945788,0.5472673714965375,0.3877263041150928,-0.3193122067012234,-0.45371524178876665,0.64683091913933,17.47932328935754,0.4464196213199181,-0.054943109375071214,-1.348692322351332,0.6737879252101362,-8.473617231766843,0.4789074336849456,0.12393333935442137,-6.147509088136417,0.6057700568844963
47,48,A,0.0,0.0,0.0,0.0,0.0,0.0,0.0,0.0,0.0,0.0,0.0,0.0,0.0,0.0,0.0,-845.2011361893847,-1.7053025658242404e-13,-38.69513732494876,4.579657051174781,0.0,0.4327299722222113,0.7003765082706526,0.1638888888888887,6.0158229717797695,0.9368001837940685,2.2797424776947626,4.440892098500626e-15,-1.460300399357296,8.011705513253865,4.440892098500626e-15,1.8999182468576221,0.5784990772674286,0.0066758791005679385,2.7248353528386815,0.7526626443945788,0.3816736301717961,0.3970841068776511,-0.5606928701745616,-21.294310347729912,0.64683091913933,17.43157456644472,0.4438362530565466,0.06543459686989869,0.24195553304363301,0.6737879252101362,-7.885143977379403,0.45225062159399965,0.1549166741930267,-7.68438636017052,0.6057700568844963
48,49,T,0.0,0.0,0.0,0.0,0.0,0.0,0.0,0.0,0.0,0.0,0.0,0.0,0.0,0.0,0.0,-845.2011361893847,-1.7053025658242404e-13,-33.80099285535187,4.000423980067256,0.0,1.5379641296296183,0.7420025110698617,0.5466666666666667,2.5104071259749854,0.9368001837940685,2.2797424776947617,4.440892098500626e-15,-1.1893320911902916,4.703826374647889,4.440892098500626e-15,2.550376102172544,0.5592925911500299,-0.16698449224711184,14.30566999716913,0.7526626443945788,-0.008485812282841544,0.4148327472923432,-0.3636828866431659,16.638089029692118,0.64683091913933,15.886278244988636,0.3972265213070145,-0.15269858532717864,-1.2841603500999021,0.6737879252101362,-7.460242979965964,0.43235646547654816,0.23570226039551587,-6.749960787856283,0.6057700568844963
49,50,G,0.0,0.0,0.0,0.0,0.0,0.0,0.0,0.0,0.0,0.0,0.0,0.0,0.0,0.0,0.0,-845.2011361893847,-1.7053025658242404e-13,-32.027475258749746,3.7905241598791326,0.0,1.3921604166666541,0.7381075309142872,-0.5522222222222217,2.3059460626876955,0.9368001837940685,2.2797424776947626,4.440892098500626e-15,-1.0952655907634345,2.0144274062530787,4.440892098500626e-15,5.823815685766001,0.46260756452775564,1.7449456283473168,32.26126469826656,0.7526626443945788,0.7356431404304551,0.37858932914139315,-0.8222869366685623,62.05341526671049,0.64683091913933,14.449353007569535,0.3551292647497734,-0.08825166240744081,-0.7229710537848029,0.6737879252101362,-5.6371744232635255,0.3477380393730579,0.5303300858899107,-12.3311461880704,0.6057700568844963
50,51,G,0.0,0.0,0.0,0.0,0.0,0.0,0.0,0.0,0.0,0.0,0.0,0.0,0.0,0.0,0.0,-845.2011361893847,-1.7053025658242404e-13,-32.05908537036659,3.794265288107696,0.0,0.36249861111109816,0.7033030793979196,-0.8888888888888886,2.179878874351143,0.9368001837940685,2.2797424776947626,4.440892098500626e-15,-1.0952655907634345,2.0144274062530787,4.440892098500626e-15,7.575536738452827,0.4107982219795907,2.402623786980219,32.06015701906756,0.7526626443945788,2.3569558959353847,0.2995724471563817,0.0,0.0,0.64683091913933,8.6471948520129,0.18082279571082102,0.0,0.0,0.6737879252101362,-2.8342552034731145,0.21571803581193305,0.0,0.0,0.6057700568844963
